Pilih,No,Nama Project,Nama Akun,UID/Email/No HP,Pasword,Kode 2FA,Status,Bahasa,Akses Marketplace,Limit MP,Cookies,Cookies Lama
,1,pommini,01 diana putri,,,,Aktif,Indonesia,Aktif,,sb=Zkv7ZiG_LNCL_QZkzTnLqB9_; ps_l=1; ps_n=1; datr=gKWEZzX9q-7TiatePedX-iYr; c_user=100090375887988; xs=16%3AS_N8r-cmq6ZB-g%3A2%3A1736746378%3A-1%3A13329%3A%3AAcW_CmuiOUDpXgbOZVLFXGMMu0_UtNdbLkOsLdHDTA; wd=1366x639; fr=1tTSGiNRNYaAK4E5w.AWXkWYinKfbIWX9KnAIwyo43PqQ.BnjKMX..AAA.0.0.BnjK8x.AWV1mjC01MY; useragent=TW96aWxsYS81LjAgKFdpbmRvd3MgTlQgMTAuMDsgV2luNjQ7IHg2NCkgQXBwbGVXZWJLaXQvNTM3LjM2IChLSFRNTCwgbGlrZSBHZWNrbykgQ2hyb21lLzEzMS4wLjAuMCBTYWZhcmkvNTM3LjM2; ,
,2,pommini,02 diandra putri,,,,Aktif,Indonesia,Aktif,,datr=2YReZ_DvfYsuX5np9uwSHFks; sb=2YReZypKSjV4n23OUkoZFGnX; c_user=100090281270186; ps_l=1; ps_n=1; xs=13%3AwvvRcx4Nt4H7Vg%3A2%3A1736303800%3A-1%3A9145%3A%3AAcWzK0qKx3lLQXv4ax3WYe09ewffbjAotJTlM9t_u54; fr=1ir5zIMlMnA91QpVD.AWXRNFRJfjbSYXdLztfrrNPi18o.BnjKMt..AAA.0.0.BnjK8G.AWUDWUoxoT0; wd=1366x641; presence=C%7B%22t3%22%3A%5B%5D%2C%22utc3%22%3A1737273114937%2C%22v%22%3A1%7D; useragent=TW96aWxsYS81LjAgKFdpbmRvd3MgTlQgMTAuMDsgV2luNjQ7IHg2NCkgQXBwbGVXZWJLaXQvNTM3LjM2IChLSFRNTCwgbGlrZSBHZWNrbykgQ2hyb21lLzEzMS4wLjAuMCBTYWZhcmkvNTM3LjM2; ,
,3,pommini,03 hasta putra,hastaputra941@gmail.com,pommini11,,Aktif,Indonesia,Aktif,,,
,4,pommini,04 Devina Almira,devinadawn016@gmail.com,pommini11,,Aktif,Indonesia,Aktif,,,
,5,pommini,05 jihan.ula.336,pomminiindo@gmail.com,Agustus2021,,Aktif,Indonesia,Aktif,,,
,6,pommini,06 Lita Serafia,,,,Aktif,Indonesia,Aktif,,datr=5euBZ1fcMCpOljQEiKrI9HDL; sb=5euBZ7gC8LBfpuuwCzJIxZWe; c_user=100093272204050; ps_l=1; ps_n=1; fr=12Ieql6WOOXk29fFM.AWUmMf1Q0oDi4D-K-CSWxJquGdg.BnjK7b..AAA.0.0.BnjK7b.AWU_q7VLNGo; xs=41%3A2Z9kYZ5nlRHJww%3A2%3A1736567800%3A-1%3A11430%3A%3AAcXBYYdwF1tXG9UR71v6mC8fLVHkhy0May2Ki827Ows; wd=1366x641; presence=C%7B%22t3%22%3A%5B%5D%2C%22utc3%22%3A1737273065345%2C%22v%22%3A1%7D; useragent=TW96aWxsYS81LjAgKFdpbmRvd3MgTlQgMTAuMDsgV2luNjQ7IHg2NCkgQXBwbGVXZWJLaXQvNTM3LjM2IChLSFRNTCwgbGlrZSBHZWNrbykgQ2hyb21lLzEzMS4wLjAuMCBTYWZhcmkvNTM3LjM2; ,
,7,pommini,07 Lia Ananta,,,,Aktif,Indonesia,Aktif,,datr=5O2BZ6x_C0807oESQ30BGn_q; sb=5O2BZ_QZwuDT45PNK2_8UGQT; c_user=100089805174183; ps_l=1; ps_n=1; fr=1EOA8vVVnBG5BwH9P.AWXaoF3GVbCr_zJoGAO9FRWyDL0.BnjK6x..AAA.0.0.BnjK6x.AWUA_dPb_BY; xs=25%3AuBOWUgw-ULZ41g%3A2%3A1736568405%3A-1%3A8515%3A%3AAcU5DGux3MFAP4jFrEmNTCNE96wn8YpuJhcxEHZebuY; wd=1366x641; presence=C%7B%22t3%22%3A%5B%5D%2C%22utc3%22%3A1737273025953%2C%22v%22%3A1%7D; useragent=TW96aWxsYS81LjAgKFdpbmRvd3MgTlQgMTAuMDsgV2luNjQ7IHg2NCkgQXBwbGVXZWJLaXQvNTM3LjM2IChLSFRNTCwgbGlrZSBHZWNrbykgQ2hyb21lLzEzMS4wLjAuMCBTYWZhcmkvNTM3LjM2; ,
,8,pommini,08 Nabila Setyorini,,,,Aktif,Indonesia,Aktif,,datr=8-6BZ0coEuTMNPW2xFonoyU6; sb=8-6BZ7FT0bM2miHyv82v_3wq; c_user=100089720127551; ps_l=1; ps_n=1; fr=1Z8VqmZcebr26hwF5.AWU-EBpE9IUKynrvn5GhMAgIPqI.BnjK5c..AAA.0.0.BnjK5c.AWWOSRsxicQ; xs=25%3AL7fLy3fDzrCYVg%3A2%3A1736568591%3A-1%3A9271%3A%3AAcWuw0-EmP08FOJOsEDRpV0k5f_WnhDhkGiBPuf3NM8; wd=1366x641; presence=C%7B%22t3%22%3A%5B%5D%2C%22utc3%22%3A1737272976886%2C%22v%22%3A1%7D; useragent=TW96aWxsYS81LjAgKFdpbmRvd3MgTlQgMTAuMDsgV2luNjQ7IHg2NCkgQXBwbGVXZWJLaXQvNTM3LjM2IChLSFRNTCwgbGlrZSBHZWNrbykgQ2hyb21lLzEzMS4wLjAuMCBTYWZhcmkvNTM3LjM2; ,
,9,pommini,09 Omar Surya,omarsur66@gmail.com,pommini11,,Aktif,Indonesia,Aktif,,,
,10,pommini,10 Pommini Sampit,pomminisampit@gmail.com,pommini11,,Aktif,Indonesia,Aktif,,,
,11,pommini,11 Rini Sundari,,,,Aktif,Indonesia,Aktif,,datr=mHaDZwed81NcFVgT74xuezyO; sb=mHaDZ1iBiaGgbZwUeo1xxiTu; ps_l=1; ps_n=1; locale=id_ID; c_user=100090211612009; fr=1j9I5Z0w6mocywnSu.AWXRjGUHkv22EieA5BnVytDg6mM.BnjKdq..AAA.0.0.BnjKdq.AWVJKwCbz_4; xs=3%3AoJHU8NX20IA4GA%3A2%3A1736668913%3A-1%3A11426%3A%3AAcUU_ICg8uUPfUx2nYWyAdSg2e21aj09JVbdXHApLA; presence=C%7B%22t3%22%3A%5B%5D%2C%22utc3%22%3A1737272847373%2C%22v%22%3A1%7D; wd=1366x639; useragent=TW96aWxsYS81LjAgKFdpbmRvd3MgTlQgMTAuMDsgV2luNjQ7IHg2NCkgQXBwbGVXZWJLaXQvNTM3LjM2IChLSFRNTCwgbGlrZSBHZWNrbykgQ2hyb21lLzEzMS4wLjAuMCBTYWZhcmkvNTM3LjM2; ,
,12,pommini,12 Riyanti Hasna,riyantihasna56@gmail.com,pommini11,,Aktif,Indonesia,Aktif,,,
,13,pommini,13 Sakura Rahayu,pusatpomminimurah@gmail.com,pommini11,,Aktif,Indonesia,Aktif,,,
,14,pommini,14 Suryatmi Putri,suryatmiputri26@gmail.com,pommini11,,Aktif,Indonesia,Aktif,,,
,15,pommini,15 Zelaya Putri,nisasala611@gmail.com,pommini11,,Aktif,Indonesia,Aktif,,,
,16,pommini,16 Andi Sofyan,,,,Aktif,Indonesia,Aktif,,datr=GFODZ-TFu5e42XLa6DqqWs31; sb=GFODZ2YVUXxnv6FxxBR4ER9F; ps_l=1; ps_n=1; c_user=61566027671588; xs=48%3A-cI8_6oODqfVxQ%3A2%3A1736659789%3A-1%3A11282%3A%3AAcUxe3pBmxTwG8Ioz9Y7LMyz6SsfqIaE1L-s_leJcQ; fr=1B2topyJfNnpoCxFn.AWUDwYT6xQ8feNdvkD4lo3kGmpc.BnjKW5..AAA.0.0.BnjK3i.AWWWDSHVcq0; presence=C%7B%22t3%22%3A%5B%5D%2C%22utc3%22%3A1737272805634%2C%22v%22%3A1%7D; wd=1366x639; useragent=TW96aWxsYS81LjAgKFdpbmRvd3MgTlQgMTAuMDsgV2luNjQ7IHg2NCkgQXBwbGVXZWJLaXQvNTM3LjM2IChLSFRNTCwgbGlrZSBHZWNrbykgQ2hyb21lLzEzMS4wLjAuMCBTYWZhcmkvNTM3LjM2; ,
,17,pommini,17 Cintya Dewi,,,,Aktif,Indonesia,Aktif,,sb=NJfzZhln8DlaNDnYkYBWGzgD; ps_l=1; ps_n=1; c_user=61566248257592; datr=U6WMZ4hFSUCgCRotxV1sCQ8E; xs=19%3AvEyRIdyTEbMqeA%3A2%3A1737270611%3A-1%3A11858; fr=144LFVgizEPY05Y8s.AWX5SYpQVX9cpRAkMeVRJ2WIaDo.BnjFPC..AAA.0.0.BnjKqc.AWWTODqq_MY; wd=1366x641; presence=C%7B%22t3%22%3A%5B%5D%2C%22utc3%22%3A1737271972045%2C%22v%22%3A1%7D; useragent=TW96aWxsYS81LjAgKFdpbmRvd3MgTlQgMTAuMDsgV2luNjQ7IHg2NCkgQXBwbGVXZWJLaXQvNTM3LjM2IChLSFRNTCwgbGlrZSBHZWNrbykgQ2hyb21lLzEzMS4wLjAuMCBTYWZhcmkvNTM3LjM2; ,
,18,pommini,18 Laila Aria,laila82731@outlook.com,pommini11,,Aktif,Indonesia,Aktif,,,
